Workbook

Sheet Cover
A1: PHASE MIRROR
A2: Hundian Period-0 Register Template v1
A3: Pauli key K = (role_class, slot_id, period_id). person_id is particle label only.
A5: Field | B5: Value
A6: Status | B6: ACCEPTED Pauli-key correction
A7: Period id | B7: P0
A8: Companion codebook | B8: phase-mirror-hundian-occupancy-codebook-v1.docx
A9: Parent revision | B9: phase-mirror-hundian-revision-v1.docx
A10: Energy ledgers | B10: Out of scope on this workbook
A11: Token / 1+2R | B11: Out of scope
A13: Sheets
A14: Sheet | B14: Use
A15: Cover | B15: This page. Bindings that do not move.
A16: Register | B16: Period-0 role-class register. Yellow cells are inputs. Freeze before first FILL.
A17: Log | B17: Append-only occupancy log. Example rows 2–8 are the corrected P0 sequence. Row 9+ blank.
A18: State | B18: Derived occupancy, U, n_unpaired, S, M from accepted rows only.
A19: Codes | B19: Accept and reject codes.
A21: Correction against the submitted draft
A22: Submitted log seated bob as OK_PAIR on fac-1 while bob already held fac-2. That is dual-hat. Pairing is a second person on the same K. Log row 6 uses dave for the pair. Log row 8 is bob attempting fac-1 and receiving REJ_DUALHAT.
A26: Gate order (first reject wins)
A27: Step | B27: Code
A28: 1 | B28: G0 REJ_UNKNOWN_CLASS
A29: 2 | B29: G1 REJ_DUALHAT
A30: 3 | B30: G2 REJ_PAULI
A31: 4 | B31: G3 REJ_TERM_ORDER
A32: 5 | B32: G4 OK_HIERARCHY if class not in D
A33: 6 | B33: G5 OK_SINGLE / OK_PAIR

Sheet Register
A1: Period-0 role-class register
A2: Yellow = inputs. Freeze this sheet before the first FILL. One instrument per degenerate set D.
A3: period_id | B3: P0 | C3: epsilon_hours (D instrument = scheduled_hours) | D3: 0.5 | E3: frozen | F3: NO | H3: median_scheduled_hours | I3: =MEDIAN(D6:D8) -> 4
A5: role_class | B5: slot_id | C5: entry_cost_instrument | D5: entry_cost_value | E5: epsilon | F5: cost_minus_median | G5: degenerate | H5: in_D | I5: notes | J5: K_label
A6: facilitation | B6: fac-1 | C6: scheduled_hours | D6: 4 | E6: 0.5 | F6: =IF(A6="","",IF(C6="scheduled_hours",D6-$I$3,"")) -> 0 | G6: =IF(A6="","",IF(C6<>"scheduled_hours","FALSE",IF(ABS(F6)<=$D$3,"TRUE","FALSE"))) -> TRUE | H6: =IF(G6="TRUE","YES","NO") -> YES | I6: Degenerate set D | J6: =IF(OR(A6="",B6=""),"",A6&"|"&B6&"|"&$B$3) -> facilitation|fac-1|P0
A7: facilitation | B7: fac-2 | C7: scheduled_hours | D7: 4.2 | E7: 0.5 | F7: =IF(A7="","",IF(C7="scheduled_hours",D7-$I$3,"")) -> 0.2 | G7: =IF(A7="","",IF(C7<>"scheduled_hours","FALSE",IF(ABS(F7)<=$D$3,"TRUE","FALSE"))) -> TRUE | H7: =IF(G7="TRUE","YES","NO") -> YES | I7: Degenerate set D | J7: =IF(OR(A7="",B7=""),"",A7&"|"&B7&"|"&$B$3) -> facilitation|fac-2|P0
A8: facilitation | B8: fac-3 | C8: scheduled_hours | D8: 3.9 | E8: 0.5 | F8: =IF(A8="","",IF(C8="scheduled_hours",D8-$I$3,"")) -> -0.1 | G8: =IF(A8="","",IF(C8<>"scheduled_hours","FALSE",IF(ABS(F8)<=$D$3,"TRUE","FALSE"))) -> TRUE | H8: =IF(G8="TRUE","YES","NO") -> YES | I8: Degenerate set D | J8: =IF(OR(A8="",B8=""),"",A8&"|"&B8&"|"&$B$3) -> facilitation|fac-3|P0
A9: documentation | B9: doc-1 | C9: required_credential_hours | D9: 12 | E9: 0.5 | F9: =IF(A9="","",IF(C9="scheduled_hours",D9-$I$3,"")) | G9: =IF(A9="","",IF(C9<>"scheduled_hours","FALSE",IF(ABS(F9)<=$D$3,"TRUE","FALSE"))) -> FALSE | H9: =IF(G9="TRUE","YES","NO") -> NO | I9: Outside D. Different instrument. Hierarchy fill. | J9: =IF(OR(A9="",B9=""),"",A9&"|"&B9&"|"&$B$3) -> documentation|doc-1|P0
A10: logistics | B10: log-1 | C10: stipend | D10: 100 | E10: 5 | F10: =IF(A10="","",IF(C10="scheduled_hours",D10-$I$3,"")) | G10: =IF(A10="","",IF(C10<>"scheduled_hours","FALSE",IF(ABS(F10)<=$D$3,"TRUE","FALSE"))) -> FALSE | H10: =IF(G10="TRUE","YES","NO") -> NO | I10: Outside D. Different instrument. Hierarchy fill. | J10: =IF(OR(A10="",B10=""),"",A10&"|"&B10&"|"&$B$3) -> logistics|log-1|P0
F11: =IF(A11="","",IF(C11="scheduled_hours",D11-$I$3,"")) | G11: =IF(A11="","",IF(C11<>"scheduled_hours","FALSE",IF(ABS(F11)<=$D$3,"TRUE","FALSE"))) | H11: =IF(G11="TRUE","YES","NO") -> NO | J11: =IF(OR(A11="",B11=""),"",A11&"|"&B11&"|"&$B$3)
F12: =IF(A12="","",IF(C12="scheduled_hours",D12-$I$3,"")) | G12: =IF(A12="","",IF(C12<>"scheduled_hours","FALSE",IF(ABS(F12)<=$D$3,"TRUE","FALSE"))) | H12: =IF(G12="TRUE","YES","NO") -> NO | J12: =IF(OR(A12="",B12=""),"",A12&"|"&B12&"|"&$B$3)
F13: =IF(A13="","",IF(C13="scheduled_hours",D13-$I$3,"")) | G13: =IF(A13="","",IF(C13<>"scheduled_hours","FALSE",IF(ABS(F13)<=$D$3,"TRUE","FALSE"))) | H13: =IF(G13="TRUE","YES","NO") -> NO | J13: =IF(OR(A13="",B13=""),"",A13&"|"&B13&"|"&$B$3)
F14: =IF(A14="","",IF(C14="scheduled_hours",D14-$I$3,"")) | G14: =IF(A14="","",IF(C14<>"scheduled_hours","FALSE",IF(ABS(F14)<=$D$3,"TRUE","FALSE"))) | H14: =IF(G14="TRUE","YES","NO") -> NO | J14: =IF(OR(A14="",B14=""),"",A14&"|"&B14&"|"&$B$3)
F15: =IF(A15="","",IF(C15="scheduled_hours",D15-$I$3,"")) | G15: =IF(A15="","",IF(C15<>"scheduled_hours","FALSE",IF(ABS(F15)<=$D$3,"TRUE","FALSE"))) | H15: =IF(G15="TRUE","YES","NO") -> NO | J15: =IF(OR(A15="",B15=""),"",A15&"|"&B15&"|"&$B$3)
F16: =IF(A16="","",IF(C16="scheduled_hours",D16-$I$3,"")) | G16: =IF(A16="","",IF(C16<>"scheduled_hours","FALSE",IF(ABS(F16)<=$D$3,"TRUE","FALSE"))) | H16: =IF(G16="TRUE","YES","NO") -> NO | J16: =IF(OR(A16="",B16=""),"",A16&"|"&B16&"|"&$B$3)
F17: =IF(A17="","",IF(C17="scheduled_hours",D17-$I$3,"")) | G17: =IF(A17="","",IF(C17<>"scheduled_hours","FALSE",IF(ABS(F17)<=$D$3,"TRUE","FALSE"))) | H17: =IF(G17="TRUE","YES","NO") -> NO | J17: =IF(OR(A17="",B17=""),"",A17&"|"&B17&"|"&$B$3)
F18: =IF(A18="","",IF(C18="scheduled_hours",D18-$I$3,"")) | G18: =IF(A18="","",IF(C18<>"scheduled_hours","FALSE",IF(ABS(F18)<=$D$3,"TRUE","FALSE"))) | H18: =IF(G18="TRUE","YES","NO") -> NO | J18: =IF(OR(A18="",B18=""),"",A18&"|"&B18&"|"&$B$3)
F19: =IF(A19="","",IF(C19="scheduled_hours",D19-$I$3,"")) | G19: =IF(A19="","",IF(C19<>"scheduled_hours","FALSE",IF(ABS(F19)<=$D$3,"TRUE","FALSE"))) | H19: =IF(G19="TRUE","YES","NO") -> NO | J19: =IF(OR(A19="",B19=""),"",A19&"|"&B19&"|"&$B$3)
F20: =IF(A20="","",IF(C20="scheduled_hours",D20-$I$3,"")) | G20: =IF(A20="","",IF(C20<>"scheduled_hours","FALSE",IF(ABS(F20)<=$D$3,"TRUE","FALSE"))) | H20: =IF(G20="TRUE","YES","NO") -> NO | J20: =IF(OR(A20="",B20=""),"",A20&"|"&B20&"|"&$B$3)
A22: Rules
A23: D = rows with in_D = YES. Pairing on any K in D is legal only when U = 0 on State. documentation and logistics stay outside D because their instruments are not scheduled_hours. Do not put stipend and hours in one D by copying an epsilon. Change F3 to YES when the register is frozen. After freeze, do not edit yellow cells.

Sheet Log
A1: Append-only occupancy log
A2: Row 3 header. Rows 4–10 corrected P0 example. Rows 11–40 blank inputs. Do not edit a written result. VACATE is a new row.
A3: ts | B3: period_id | C3: person_id | D3: role_class | E3: slot_id | F3: proposed_op | G3: result | H3: sigma | I3: occupants_before | J3: n_unpaired_after | K3: S_after | L3: M_after | M3: waiver_id | N3: notes
A4: 2026-09-03T10:00:00Z | B4: P0 | C4: alice | D4: facilitation | E4: fac-1 | F4: FILL | G4: OK_SINGLE | H4: ALPHA | I4: [] | J4: =IF(G4="","",IF(LEFT(G4,3)="REJ","",((COUNTIFS($E$4:E4,"fac-1",$G$4:G4,"OK_SINGLE")+COUNTIFS($E$4:E4,"fac-1",$G$4:G4,"OK_PAIR")-COUNTIFS($E$4:E4,"fac-1",$G$4:G4,"OK_VACATE"))=1)+((COUNTIFS($E$4:E4,"fac-2",$G$4:G4,"OK_SINGLE")+COUNTIFS($E$4:E4,"fac-2",$G$4:G4,"OK_PAIR")-COUNTIFS($E$4:E4,"fac-2",$G$4:G4,"OK_VACATE"))=1)+((COUNTIFS($E$4:E4,"fac-3",$G$4:G4,"OK_SINGLE")+COUNTIFS($E$4:E4,"fac-3",$G$4:G4,"OK_PAIR")-COUNTIFS($E$4:E4,"fac-3",$G$4:G4,"OK_VACATE"))=1))) -> 1 | K4: =IF(J4="","",J4/2) -> 0.5 | L4: =IF(J4="","",J4+1) -> 2 | N4: First seat on fac-1
A5: 2026-09-03T10:05:00Z | B5: P0 | C5: bob | D5: facilitation | E5: fac-1 | F5: FILL | G5: REJ_TERM_ORDER | I5: [alice] | J5: =IF(G5="","",IF(LEFT(G5,3)="REJ","",((COUNTIFS($E$4:E5,"fac-1",$G$4:G5,"OK_SINGLE")+COUNTIFS($E$4:E5,"fac-1",$G$4:G5,"OK_PAIR")-COUNTIFS($E$4:E5,"fac-1",$G$4:G5,"OK_VACATE"))=1)+((COUNTIFS($E$4:E5,"fac-2",$G$4:G5,"OK_SINGLE")+COUNTIFS($E$4:E5,"fac-2",$G$4:G5,"OK_PAIR")-COUNTIFS($E$4:E5,"fac-2",$G$4:G5,"OK_VACATE"))=1)+((COUNTIFS($E$4:E5,"fac-3",$G$4:G5,"OK_SINGLE")+COUNTIFS($E$4:E5,"fac-3",$G$4:G5,"OK_PAIR")-COUNTIFS($E$4:E5,"fac-3",$G$4:G5,"OK_VACATE"))=1))) | K5: =IF(J5="","",J5/2) | L5: =IF(J5="","",J5+1) | N5: Pair illegal while fac-2 and fac-3 empty
A6: 2026-09-03T10:06:00Z | B6: P0 | C6: bob | D6: facilitation | E6: fac-2 | F6: FILL | G6: OK_SINGLE | H6: ALPHA | I6: [] | J6: =IF(G6="","",IF(LEFT(G6,3)="REJ","",((COUNTIFS($E$4:E6,"fac-1",$G$4:G6,"OK_SINGLE")+COUNTIFS($E$4:E6,"fac-1",$G$4:G6,"OK_PAIR")-COUNTIFS($E$4:E6,"fac-1",$G$4:G6,"OK_VACATE"))=1)+((COUNTIFS($E$4:E6,"fac-2",$G$4:G6,"OK_SINGLE")+COUNTIFS($E$4:E6,"fac-2",$G$4:G6,"OK_PAIR")-COUNTIFS($E$4:E6,"fac-2",$G$4:G6,"OK_VACATE"))=1)+((COUNTIFS($E$4:E6,"fac-3",$G$4:G6,"OK_SINGLE")+COUNTIFS($E$4:E6,"fac-3",$G$4:G6,"OK_PAIR")-COUNTIFS($E$4:E6,"fac-3",$G$4:G6,"OK_VACATE"))=1))) -> 2 | K6: =IF(J6="","",J6/2) -> 1 | L6: =IF(J6="","",J6+1) -> 3 | N6: Second single in D
A7: 2026-09-03T10:07:00Z | B7: P0 | C7: carol | D7: facilitation | E7: fac-3 | F7: FILL | G7: OK_SINGLE | H7: ALPHA | I7: [] | J7: =IF(G7="","",IF(LEFT(G7,3)="REJ","",((COUNTIFS($E$4:E7,"fac-1",$G$4:G7,"OK_SINGLE")+COUNTIFS($E$4:E7,"fac-1",$G$4:G7,"OK_PAIR")-COUNTIFS($E$4:E7,"fac-1",$G$4:G7,"OK_VACATE"))=1)+((COUNTIFS($E$4:E7,"fac-2",$G$4:G7,"OK_SINGLE")+COUNTIFS($E$4:E7,"fac-2",$G$4:G7,"OK_PAIR")-COUNTIFS($E$4:E7,"fac-2",$G$4:G7,"OK_VACATE"))=1)+((COUNTIFS($E$4:E7,"fac-3",$G$4:G7,"OK_SINGLE")+COUNTIFS($E$4:E7,"fac-3",$G$4:G7,"OK_PAIR")-COUNTIFS($E$4:E7,"fac-3",$G$4:G7,"OK_VACATE"))=1))) -> 3 | K7: =IF(J7="","",J7/2) -> 1.5 | L7: =IF(J7="","",J7+1) -> 4 | N7: U=0. Pairing now legal
A8: 2026-09-03T10:08:00Z | B8: P0 | C8: dave | D8: facilitation | E8: fac-1 | F8: FILL | G8: OK_PAIR | H8: BETA | I8: [alice] | J8: =IF(G8="","",IF(LEFT(G8,3)="REJ","",((COUNTIFS($E$4:E8,"fac-1",$G$4:G8,"OK_SINGLE")+COUNTIFS($E$4:E8,"fac-1",$G$4:G8,"OK_PAIR")-COUNTIFS($E$4:E8,"fac-1",$G$4:G8,"OK_VACATE"))=1)+((COUNTIFS($E$4:E8,"fac-2",$G$4:G8,"OK_SINGLE")+COUNTIFS($E$4:E8,"fac-2",$G$4:G8,"OK_PAIR")-COUNTIFS($E$4:E8,"fac-2",$G$4:G8,"OK_VACATE"))=1)+((COUNTIFS($E$4:E8,"fac-3",$G$4:G8,"OK_SINGLE")+COUNTIFS($E$4:E8,"fac-3",$G$4:G8,"OK_PAIR")-COUNTIFS($E$4:E8,"fac-3",$G$4:G8,"OK_VACATE"))=1))) -> 2 | K8: =IF(J8="","",J8/2) -> 1 | L8: =IF(J8="","",J8+1) -> 3 | N8: Pair is dave, not bob
A9: 2026-09-03T10:09:00Z | B9: P0 | C9: eve | D9: facilitation | E9: fac-1 | F9: FILL | G9: REJ_PAULI | I9: [alice, dave] | J9: =IF(G9="","",IF(LEFT(G9,3)="REJ","",((COUNTIFS($E$4:E9,"fac-1",$G$4:G9,"OK_SINGLE")+COUNTIFS($E$4:E9,"fac-1",$G$4:G9,"OK_PAIR")-COUNTIFS($E$4:E9,"fac-1",$G$4:G9,"OK_VACATE"))=1)+((COUNTIFS($E$4:E9,"fac-2",$G$4:G9,"OK_SINGLE")+COUNTIFS($E$4:E9,"fac-2",$G$4:G9,"OK_PAIR")-COUNTIFS($E$4:E9,"fac-2",$G$4:G9,"OK_VACATE"))=1)+((COUNTIFS($E$4:E9,"fac-3",$G$4:G9,"OK_SINGLE")+COUNTIFS($E$4:E9,"fac-3",$G$4:G9,"OK_PAIR")-COUNTIFS($E$4:E9,"fac-3",$G$4:G9,"OK_VACATE"))=1))) | K9: =IF(J9="","",J9/2) | L9: =IF(J9="","",J9+1) | N9: Third occupant forbidden
A10: 2026-09-03T10:10:00Z | B10: P0 | C10: bob | D10: facilitation | E10: fac-1 | F10: FILL | G10: REJ_DUALHAT | I10: [alice, dave] | J10: =IF(G10="","",IF(LEFT(G10,3)="REJ","",((COUNTIFS($E$4:E10,"fac-1",$G$4:G10,"OK_SINGLE")+COUNTIFS($E$4:E10,"fac-1",$G$4:G10,"OK_PAIR")-COUNTIFS($E$4:E10,"fac-1",$G$4:G10,"OK_VACATE"))=1)+((COUNTIFS($E$4:E10,"fac-2",$G$4:G10,"OK_SINGLE")+COUNTIFS($E$4:E10,"fac-2",$G$4:G10,"OK_PAIR")-COUNTIFS($E$4:E10,"fac-2",$G$4:G10,"OK_VACATE"))=1)+((COUNTIFS($E$4:E10,"fac-3",$G$4:G10,"OK_SINGLE")+COUNTIFS($E$4:E10,"fac-3",$G$4:G10,"OK_PAIR")-COUNTIFS($E$4:E10,"fac-3",$G$4:G10,"OK_VACATE"))=1))) | K10: =IF(J10="","",J10/2) | L10: =IF(J10="","",J10+1) | N10: bob already holds fac-2
J11: =IF(G11="","",IF(LEFT(G11,3)="REJ","",((COUNTIFS($E$4:E11,"fac-1",$G$4:G11,"OK_SINGLE")+COUNTIFS($E$4:E11,"fac-1",$G$4:G11,"OK_PAIR")-COUNTIFS($E$4:E11,"fac-1",$G$4:G11,"OK_VACATE"))=1)+((COUNTIFS($E$4:E11,"fac-2",$G$4:G11,"OK_SINGLE")+COUNTIFS($E$4:E11,"fac-2",$G$4:G11,"OK_PAIR")-COUNTIFS($E$4:E11,"fac-2",$G$4:G11,"OK_VACATE"))=1)+((COUNTIFS($E$4:E11,"fac-3",$G$4:G11,"OK_SINGLE")+COUNTIFS($E$4:E11,"fac-3",$G$4:G11,"OK_PAIR")-COUNTIFS($E$4:E11,"fac-3",$G$4:G11,"OK_VACATE"))=1))) | K11: =IF(J11="","",J11/2) | L11: =IF(J11="","",J11+1)
J12: =IF(G12="","",IF(LEFT(G12,3)="REJ","",((COUNTIFS($E$4:E12,"fac-1",$G$4:G12,"OK_SINGLE")+COUNTIFS($E$4:E12,"fac-1",$G$4:G12,"OK_PAIR")-COUNTIFS($E$4:E12,"fac-1",$G$4:G12,"OK_VACATE"))=1)+((COUNTIFS($E$4:E12,"fac-2",$G$4:G12,"OK_SINGLE")+COUNTIFS($E$4:E12,"fac-2",$G$4:G12,"OK_PAIR")-COUNTIFS($E$4:E12,"fac-2",$G$4:G12,"OK_VACATE"))=1)+((COUNTIFS($E$4:E12,"fac-3",$G$4:G12,"OK_SINGLE")+COUNTIFS($E$4:E12,"fac-3",$G$4:G12,"OK_PAIR")-COUNTIFS($E$4:E12,"fac-3",$G$4:G12,"OK_VACATE"))=1))) | K12: =IF(J12="","",J12/2) | L12: =IF(J12="","",J12+1)
J13: =IF(G13="","",IF(LEFT(G13,3)="REJ","",((COUNTIFS($E$4:E13,"fac-1",$G$4:G13,"OK_SINGLE")+COUNTIFS($E$4:E13,"fac-1",$G$4:G13,"OK_PAIR")-COUNTIFS($E$4:E13,"fac-1",$G$4:G13,"OK_VACATE"))=1)+((COUNTIFS($E$4:E13,"fac-2",$G$4:G13,"OK_SINGLE")+COUNTIFS($E$4:E13,"fac-2",$G$4:G13,"OK_PAIR")-COUNTIFS($E$4:E13,"fac-2",$G$4:G13,"OK_VACATE"))=1)+((COUNTIFS($E$4:E13,"fac-3",$G$4:G13,"OK_SINGLE")+COUNTIFS($E$4:E13,"fac-3",$G$4:G13,"OK_PAIR")-COUNTIFS($E$4:E13,"fac-3",$G$4:G13,"OK_VACATE"))=1))) | K13: =IF(J13="","",J13/2) | L13: =IF(J13="","",J13+1)
J14: =IF(G14="","",IF(LEFT(G14,3)="REJ","",((COUNTIFS($E$4:E14,"fac-1",$G$4:G14,"OK_SINGLE")+COUNTIFS($E$4:E14,"fac-1",$G$4:G14,"OK_PAIR")-COUNTIFS($E$4:E14,"fac-1",$G$4:G14,"OK_VACATE"))=1)+((COUNTIFS($E$4:E14,"fac-2",$G$4:G14,"OK_SINGLE")+COUNTIFS($E$4:E14,"fac-2",$G$4:G14,"OK_PAIR")-COUNTIFS($E$4:E14,"fac-2",$G$4:G14,"OK_VACATE"))=1)+((COUNTIFS($E$4:E14,"fac-3",$G$4:G14,"OK_SINGLE")+COUNTIFS($E$4:E14,"fac-3",$G$4:G14,"OK_PAIR")-COUNTIFS($E$4:E14,"fac-3",$G$4:G14,"OK_VACATE"))=1))) | K14: =IF(J14="","",J14/2) | L14: =IF(J14="","",J14+1)
J15: =IF(G15="","",IF(LEFT(G15,3)="REJ","",((COUNTIFS($E$4:E15,"fac-1",$G$4:G15,"OK_SINGLE")+COUNTIFS($E$4:E15,"fac-1",$G$4:G15,"OK_PAIR")-COUNTIFS($E$4:E15,"fac-1",$G$4:G15,"OK_VACATE"))=1)+((COUNTIFS($E$4:E15,"fac-2",$G$4:G15,"OK_SINGLE")+COUNTIFS($E$4:E15,"fac-2",$G$4:G15,"OK_PAIR")-COUNTIFS($E$4:E15,"fac-2",$G$4:G15,"OK_VACATE"))=1)+((COUNTIFS($E$4:E15,"fac-3",$G$4:G15,"OK_SINGLE")+COUNTIFS($E$4:E15,"fac-3",$G$4:G15,"OK_PAIR")-COUNTIFS($E$4:E15,"fac-3",$G$4:G15,"OK_VACATE"))=1))) | K15: =IF(J15="","",J15/2) | L15: =IF(J15="","",J15+1)
J16: =IF(G16="","",IF(LEFT(G16,3)="REJ","",((COUNTIFS($E$4:E16,"fac-1",$G$4:G16,"OK_SINGLE")+COUNTIFS($E$4:E16,"fac-1",$G$4:G16,"OK_PAIR")-COUNTIFS($E$4:E16,"fac-1",$G$4:G16,"OK_VACATE"))=1)+((COUNTIFS($E$4:E16,"fac-2",$G$4:G16,"OK_SINGLE")+COUNTIFS($E$4:E16,"fac-2",$G$4:G16,"OK_PAIR")-COUNTIFS($E$4:E16,"fac-2",$G$4:G16,"OK_VACATE"))=1)+((COUNTIFS($E$4:E16,"fac-3",$G$4:G16,"OK_SINGLE")+COUNTIFS($E$4:E16,"fac-3",$G$4:G16,"OK_PAIR")-COUNTIFS($E$4:E16,"fac-3",$G$4:G16,"OK_VACATE"))=1))) | K16: =IF(J16="","",J16/2) | L16: =IF(J16="","",J16+1)
J17: =IF(G17="","",IF(LEFT(G17,3)="REJ","",((COUNTIFS($E$4:E17,"fac-1",$G$4:G17,"OK_SINGLE")+COUNTIFS($E$4:E17,"fac-1",$G$4:G17,"OK_PAIR")-COUNTIFS($E$4:E17,"fac-1",$G$4:G17,"OK_VACATE"))=1)+((COUNTIFS($E$4:E17,"fac-2",$G$4:G17,"OK_SINGLE")+COUNTIFS($E$4:E17,"fac-2",$G$4:G17,"OK_PAIR")-COUNTIFS($E$4:E17,"fac-2",$G$4:G17,"OK_VACATE"))=1)+((COUNTIFS($E$4:E17,"fac-3",$G$4:G17,"OK_SINGLE")+COUNTIFS($E$4:E17,"fac-3",$G$4:G17,"OK_PAIR")-COUNTIFS($E$4:E17,"fac-3",$G$4:G17,"OK_VACATE"))=1))) | K17: =IF(J17="","",J17/2) | L17: =IF(J17="","",J17+1)
J18: =IF(G18="","",IF(LEFT(G18,3)="REJ","",((COUNTIFS($E$4:E18,"fac-1",$G$4:G18,"OK_SINGLE")+COUNTIFS($E$4:E18,"fac-1",$G$4:G18,"OK_PAIR")-COUNTIFS($E$4:E18,"fac-1",$G$4:G18,"OK_VACATE"))=1)+((COUNTIFS($E$4:E18,"fac-2",$G$4:G18,"OK_SINGLE")+COUNTIFS($E$4:E18,"fac-2",$G$4:G18,"OK_PAIR")-COUNTIFS($E$4:E18,"fac-2",$G$4:G18,"OK_VACATE"))=1)+((COUNTIFS($E$4:E18,"fac-3",$G$4:G18,"OK_SINGLE")+COUNTIFS($E$4:E18,"fac-3",$G$4:G18,"OK_PAIR")-COUNTIFS($E$4:E18,"fac-3",$G$4:G18,"OK_VACATE"))=1))) | K18: =IF(J18="","",J18/2) | L18: =IF(J18="","",J18+1)
J19: =IF(G19="","",IF(LEFT(G19,3)="REJ","",((COUNTIFS($E$4:E19,"fac-1",$G$4:G19,"OK_SINGLE")+COUNTIFS($E$4:E19,"fac-1",$G$4:G19,"OK_PAIR")-COUNTIFS($E$4:E19,"fac-1",$G$4:G19,"OK_VACATE"))=1)+((COUNTIFS($E$4:E19,"fac-2",$G$4:G19,"OK_SINGLE")+COUNTIFS($E$4:E19,"fac-2",$G$4:G19,"OK_PAIR")-COUNTIFS($E$4:E19,"fac-2",$G$4:G19,"OK_VACATE"))=1)+((COUNTIFS($E$4:E19,"fac-3",$G$4:G19,"OK_SINGLE")+COUNTIFS($E$4:E19,"fac-3",$G$4:G19,"OK_PAIR")-COUNTIFS($E$4:E19,"fac-3",$G$4:G19,"OK_VACATE"))=1))) | K19: =IF(J19="","",J19/2) | L19: =IF(J19="","",J19+1)
J20: =IF(G20="","",IF(LEFT(G20,3)="REJ","",((COUNTIFS($E$4:E20,"fac-1",$G$4:G20,"OK_SINGLE")+COUNTIFS($E$4:E20,"fac-1",$G$4:G20,"OK_PAIR")-COUNTIFS($E$4:E20,"fac-1",$G$4:G20,"OK_VACATE"))=1)+((COUNTIFS($E$4:E20,"fac-2",$G$4:G20,"OK_SINGLE")+COUNTIFS($E$4:E20,"fac-2",$G$4:G20,"OK_PAIR")-COUNTIFS($E$4:E20,"fac-2",$G$4:G20,"OK_VACATE"))=1)+((COUNTIFS($E$4:E20,"fac-3",$G$4:G20,"OK_SINGLE")+COUNTIFS($E$4:E20,"fac-3",$G$4:G20,"OK_PAIR")-COUNTIFS($E$4:E20,"fac-3",$G$4:G20,"OK_VACATE"))=1))) | K20: =IF(J20="","",J20/2) | L20: =IF(J20="","",J20+1)
J21: =IF(G21="","",IF(LEFT(G21,3)="REJ","",((COUNTIFS($E$4:E21,"fac-1",$G$4:G21,"OK_SINGLE")+COUNTIFS($E$4:E21,"fac-1",$G$4:G21,"OK_PAIR")-COUNTIFS($E$4:E21,"fac-1",$G$4:G21,"OK_VACATE"))=1)+((COUNTIFS($E$4:E21,"fac-2",$G$4:G21,"OK_SINGLE")+COUNTIFS($E$4:E21,"fac-2",$G$4:G21,"OK_PAIR")-COUNTIFS($E$4:E21,"fac-2",$G$4:G21,"OK_VACATE"))=1)+((COUNTIFS($E$4:E21,"fac-3",$G$4:G21,"OK_SINGLE")+COUNTIFS($E$4:E21,"fac-3",$G$4:G21,"OK_PAIR")-COUNTIFS($E$4:E21,"fac-3",$G$4:G21,"OK_VACATE"))=1))) | K21: =IF(J21="","",J21/2) | L21: =IF(J21="","",J21+1)
J22: =IF(G22="","",IF(LEFT(G22,3)="REJ","",((COUNTIFS($E$4:E22,"fac-1",$G$4:G22,"OK_SINGLE")+COUNTIFS($E$4:E22,"fac-1",$G$4:G22,"OK_PAIR")-COUNTIFS($E$4:E22,"fac-1",$G$4:G22,"OK_VACATE"))=1)+((COUNTIFS($E$4:E22,"fac-2",$G$4:G22,"OK_SINGLE")+COUNTIFS($E$4:E22,"fac-2",$G$4:G22,"OK_PAIR")-COUNTIFS($E$4:E22,"fac-2",$G$4:G22,"OK_VACATE"))=1)+((COUNTIFS($E$4:E22,"fac-3",$G$4:G22,"OK_SINGLE")+COUNTIFS($E$4:E22,"fac-3",$G$4:G22,"OK_PAIR")-COUNTIFS($E$4:E22,"fac-3",$G$4:G22,"OK_VACATE"))=1))) | K22: =IF(J22="","",J22/2) | L22: =IF(J22="","",J22+1)
... J40: =IF(G40="","",IF(LEFT(G40,3)="REJ","",((COUNTIFS($E$4:E40,"fac-1",$G$4:G40,"OK_SINGLE")+COUNTIFS($E$4:E40,"fac-1",$G$4:G40,"OK_PAIR")-COUNTIFS($E$4:E40,"fac-1",$G$4:G40,"OK_VACATE"))=1)+((COUNTIFS($E$4:E40,"fac-2",$G$4:G40,"OK_SINGLE")+COUNTIFS($E$4:E40,"fac-2",$G$4:G40,"OK_PAIR")-COUNTIFS($E$4:E40,"fac-2",$G$4:G40,"OK_VACATE"))=1)+((COUNTIFS($E$4:E40,"fac-3",$G$4:G40,"OK_SINGLE")+COUNTIFS($E$4:E40,"fac-3",$G$4:G40,"OK_PAIR")-COUNTIFS($E$4:E40,"fac-3",$G$4:G40,"OK_VACATE"))=1))) | K40: =IF(J40="","",J40/2) | L40: =IF(J40="","",J40+1)

Sheet State
A1: Derived state for period P0 degenerate set D
A2: Accepted rows only (OK_SINGLE, OK_PAIR). Rejects do not change occupancy. Hierarchy fills do not change M(D).
A4: K | B4: role_class | C4: slot_id | D4: occupancy | E4: unpaired? | F4: empty? | G4: in_D
A5: =B5&"|"&C5&"|"&Register!$B$3 -> facilitation|fac-1|P0 | B5: facilitation | C5: fac-1 | D5: =MAX(0,COUNTIFS(Log!$E$4:$E$40,C5,Log!$G$4:$G$40,"OK_SINGLE")+COUNTIFS(Log!$E$4:$E$40,C5,Log!$G$4:$G$40,"OK_PAIR")-COUNTIFS(Log!$E$4:$E$40,C5,Log!$G$4:$G$40,"OK_VACATE")) -> 2 | E5: =IF(D5=1,1,0) -> 0 | F5: =IF(D5=0,1,0) -> 0 | G5: YES
A6: =B6&"|"&C6&"|"&Register!$B$3 -> facilitation|fac-2|P0 | B6: facilitation | C6: fac-2 | D6: =MAX(0,COUNTIFS(Log!$E$4:$E$40,C6,Log!$G$4:$G$40,"OK_SINGLE")+COUNTIFS(Log!$E$4:$E$40,C6,Log!$G$4:$G$40,"OK_PAIR")-COUNTIFS(Log!$E$4:$E$40,C6,Log!$G$4:$G$40,"OK_VACATE")) -> 1 | E6: =IF(D6=1,1,0) -> 1 | F6: =IF(D6=0,1,0) -> 0 | G6: YES
A7: =B7&"|"&C7&"|"&Register!$B$3 -> facilitation|fac-3|P0 | B7: facilitation | C7: fac-3 | D7: =MAX(0,COUNTIFS(Log!$E$4:$E$40,C7,Log!$G$4:$G$40,"OK_SINGLE")+COUNTIFS(Log!$E$4:$E$40,C7,Log!$G$4:$G$40,"OK_PAIR")-COUNTIFS(Log!$E$4:$E$40,C7,Log!$G$4:$G$40,"OK_VACATE")) -> 1 | E7: =IF(D7=1,1,0) -> 1 | F7: =IF(D7=0,1,0) -> 0 | G7: YES
A9: Summary
A10: metric | B10: formula | C10: value
A11: |D| | B11: count of K in D | C11: =COUNTA(C5:C7) -> 3
A12: U empty slots in D | B12: SUM empty flags | C12: =SUM(F5:F7) -> 0
A13: n_unpaired | B13: SUM unpaired flags | C13: =SUM(E5:E7) -> 2
A14: S | B14: n_unpaired / 2 | C14: =C13/2 -> 1
A15: M | B15: n_unpaired + 1 | C15: =C13+1 -> 3
A16: pairing_legal | B16: U = 0 | C16: =IF(C12=0,"YES","NO") -> YES
A17: closed_shell | B17: every occ = 2 | C17: =IF(AND(D5=2,D6=2,D7=2),"YES","NO") -> NO
A18: max_M_state | B18: half-fill of D | C18: =IF(AND(C13=C11,C12=0),"YES","NO") -> NO
A19: accepted_fills | B19: OK_SINGLE + OK_PAIR | C19: =COUNTIF(Log!G4:G40,"OK_SINGLE")+COUNTIF(Log!G4:G40,"OK_PAIR") -> 4
A20: rejects | B20: REJ_* rows | C20: =COUNTIF(Log!G4:G40,"REJ_TERM_ORDER")+COUNTIF(Log!G4:G40,"REJ_PAULI")+COUNTIF(Log!G4:G40,"REJ_DUALHAT")+COUNTIF(Log!G4:G40,"REJ_UNKNOWN_CLASS") -> 3
A22: Reading
A23: After the corrected example: occupancy 2,1,1. U=0. n_unpaired=2. S=1. M=3. pairing_legal=YES. closed_shell=NO. max_M_state=NO (max M was 4 at the carol row, half-fill). Ground state is not on this sheet. Ground is min E at fixed N after V_pair and V_nuc exist.

Sheet Codes
A1: Accept and reject codes
A3: code | B3: writes_seat | C3: meaning
A4: OK_SINGLE | B4: YES | C4: First occupant on empty K. sigma=ALPHA.
A5: OK_PAIR | B5: YES | C5: Second occupant on K after U=0. sigma=BETA. Second PERSON, not second seat for same person.
A6: OK_HIERARCHY | B6: YES | C6: Fill outside D. Does not change M(D).
A7: OK_DUALHAT_WAIVER | B7: YES | C7: Same person, second K, named waiver. Does not raise M.
A8: OK_VACATE | B8: Removes | C8: New row that releases this person from K.
A9: REJ_UNKNOWN_CLASS | B9: NO | C9: role_class not in Register for this period.
A10: REJ_PAULI | B10: NO | C10: K already has two occupants.
A11: REJ_TERM_ORDER | B11: NO | C11: Second occupant while any K in D is empty.
A12: REJ_DUALHAT | B12: NO | C12: Person already occupies another K this period and no waiver is open.
A14: Derived columns on Log
A15: n_unpaired_after, S_after, M_after are formulas over accepted D fills through that row. A typed M that disagrees with n_unpaired + 1 is invalid. Overwrite by recompute, not by hand.
